{
    "model_name": "knn",
    "accuracy": 0.425,
    "confusion_matrix": [
        [
            51,
            52,
            22,
            28,
            521
        ],
        [
            57,
            46,
            22,
            28,
            535
        ],
        [
            35,
            41,
            17,
            17,
            347
        ],
        [
            31,
            25,
            10,
            13,
            373
        ],
        [
            169,
            183,
            76,
            73,
            1828
        ]
    ],
    "classification_report": {
        "0": {
            "precision": 0.14868804664723032,
            "recall": 0.07566765578635015,
            "f1-score": 0.10029498525073746,
            "support": 674.0
        },
        "1": {
            "precision": 0.13256484149855907,
            "recall": 0.06686046511627906,
            "f1-score": 0.08888888888888889,
            "support": 688.0
        },
        "2": {
            "precision": 0.11564625850340136,
            "recall": 0.037199124726477024,
            "f1-score": 0.056291390728476824,
            "support": 457.0
        },
        "3": {
            "precision": 0.08176100628930817,
            "recall": 0.028761061946902654,
            "f1-score": 0.0425531914893617,
            "support": 452.0
        },
        "4": {
            "precision": 0.5072142064372919,
            "recall": 0.7848862172606269,
            "f1-score": 0.6162143940670824,
            "support": 2329.0
        },
        "accuracy": 0.425,
        "macro avg": {
            "precision": 0.19717487187515817,
            "recall": 0.19867490496732715,
            "f1-score": 0.18084857008490945,
            "support": 4600.0
        },
        "weighted avg": {
            "precision": 0.3179409904701122,
            "recall": 0.425,
            "f1-score": 0.3497558494593246,
            "support": 4600.0
        }
    }
}