{
    "model_name": "svm",
    "accuracy": 0.5063043478260869,
    "confusion_matrix": [
        [
            0,
            0,
            0,
            0,
            674
        ],
        [
            0,
            0,
            0,
            0,
            688
        ],
        [
            0,
            0,
            0,
            0,
            457
        ],
        [
            0,
            0,
            0,
            0,
            452
        ],
        [
            0,
            0,
            0,
            0,
            2329
        ]
    ],
    "classification_report": {
        "0": {
            "precision": 0.0,
            "recall": 0.0,
            "f1-score": 0.0,
            "support": 674.0
        },
        "1": {
            "precision": 0.0,
            "recall": 0.0,
            "f1-score": 0.0,
            "support": 688.0
        },
        "2": {
            "precision": 0.0,
            "recall": 0.0,
            "f1-score": 0.0,
            "support": 457.0
        },
        "3": {
            "precision": 0.0,
            "recall": 0.0,
            "f1-score": 0.0,
            "support": 452.0
        },
        "4": {
            "precision": 0.5063043478260869,
            "recall": 1.0,
            "f1-score": 0.6722470775003608,
            "support": 2329.0
        },
        "accuracy": 0.5063043478260869,
        "macro avg": {
            "precision": 0.10126086956521738,
            "recall": 0.2,
            "f1-score": 0.13444941550007217,
            "support": 4600.0
        },
        "weighted avg": {
            "precision": 0.2563440926275992,
            "recall": 0.5063043478260869,
            "f1-score": 0.34036161815181315,
            "support": 4600.0
        }
    }
}